INSERT INTO CUSTOMERS (CUSTOMER_NAME, EMAIL, CITY, SIGNUP_DATE)
VALUES
('Aarav Sharma', 'aarav.sharma@gmail.com', 'Delhi', '2024-01-10'),
('Priya Verma', 'priya.verma@gmail.com', 'Mumbai', '2024-01-15'),
('Rahul Singh', 'rahul.singh@gmail.com', 'Lucknow', '2024-02-05'),
('Sneha Gupta', 'sneha.gupta@gmail.com', 'Jaipur', '2024-02-18'),
('Amit Kumar', 'amit.kumar@gmail.com', 'Bengaluru', '2024-03-02'),
('Neha Yadav', 'neha.yadav@gmail.com', 'Pune', '2024-03-12'),
('Rohit Mehta', 'rohit.mehta@gmail.com', 'Chandigarh', '2024-03-25'),
('Ananya Roy', 'ananya.roy@gmail.com', 'Kolkata', '2024-04-04'),
('Vikas Patel', 'vikas.patel@gmail.com', 'Ahmedabad', '2024-04-20'),
('Kavya Nair', 'kavya.nair@gmail.com', 'Kochi', '2024-05-01'),
('Suresh Reddy', 'suresh.reddy@gmail.com', 'Hyderabad', '2024-05-16'),
('Pooja Mishra', 'pooja.mishra@gmail.com', 'Kanpur', '2024-06-03'),
('Karan Malhotra', 'karan.malhotra@gmail.com', 'Noida', '2024-06-19'),
('Meera Joshi', 'meera.joshi@gmail.com', 'Indore', '2024-07-07'),
('Aditya Saxena', 'aditya.saxena@gmail.com', 'Bhopal', '2024-07-25'),
('Riya Kapoor', 'riya.kapoor@gmail.com', 'Chennai', '2024-08-08'),
('Nikhil Jain', 'nikhil.jain@gmail.com', 'Surat', '2024-08-22'),
('Simran Kaur', 'simran.kaur@gmail.com', 'Amritsar', '2024-09-05'),
('Arjun Desai', 'arjun.desai@gmail.com', 'Nagpur', '2024-09-18'),
('Isha Chawla', 'isha.chawla@gmail.com', 'Gurugram', '2024-10-01');

INSERT INTO PRODUCTS (PRODUCT_NAME, CATEGORY, PRICE, STOCK)
VALUES
('Wireless Mouse', 'Electronics', 799.00, 120),
('Mechanical Keyboard', 'Electronics', 2499.00, 75),
('USB-C Charger', 'Electronics', 999.00, 150),
('Bluetooth Speaker', 'Electronics', 3499.00, 50),
('Laptop Stand', 'Accessories', 1299.00, 90),
('Office Chair', 'Furniture', 6999.00, 30),
('Study Table', 'Furniture', 4999.00, 25),
('LED Desk Lamp', 'Home Decor', 899.00, 110),
('Water Bottle', 'Kitchen', 499.00, 200),
('Coffee Mug', 'Kitchen', 299.00, 180),
('Notebook', 'Stationery', 149.00, 300),
('Ball Pen Pack', 'Stationery', 199.00, 250),
('Backpack', 'Bags', 1799.00, 80),
('Sports Shoes', 'Footwear', 3499.00, 60),
('Men T-Shirt', 'Clothing', 799.00, 140),
('Women Kurti', 'Clothing', 1299.00, 100),
('Smart Watch', 'Electronics', 5999.00, 40),
('Power Bank', 'Electronics', 1499.00, 95),
('Headphones', 'Electronics', 1999.00, 70),
('Gaming Monitor', 'Electronics', 14999.00, 20);
INSERT INTO ORDERS (CUSTOMER_ID, ORDER_DATE, ORDER_STATUS)
VALUES
(1, '2024-10-05', 'Delivered'),
(2, '2024-10-06', 'Shipped'),
(3, '2024-10-07', 'Pending'),
(4, '2024-10-08', 'Delivered'),
(5, '2024-10-09', 'Cancelled'),
(6, '2024-10-10', 'Delivered'),
(7, '2024-10-11', 'Processing'),
(8, '2024-10-12', 'Shipped'),
(9, '2024-10-13', 'Delivered'),
(10, '2024-10-14', 'Pending'),
(11, '2024-10-15', 'Delivered'),
(12, '2024-10-16', 'Processing'),
(13, '2024-10-17', 'Shipped'),
(14, '2024-10-18', 'Delivered'),
(15, '2024-10-19', 'Cancelled'),
(16, '2024-10-20', 'Delivered'),
(17, '2024-10-21', 'Pending'),
(18, '2024-10-22', 'Processing'),
(19, '2024-10-23', 'Shipped'),
(20, '2024-10-24', 'Delivered');
INSERT INTO ORDER_ITEM (ORDER_ID, PRODUCT_ID, QUANTITY)
VALUES
(1, 1, 2),
(2, 5, 1),
(3, 8, 3),
(4, 12, 2),
(5, 4, 1),
(6, 9, 4),
(7, 15, 2),
(8, 18, 1),
(9, 6, 2),
(10, 20, 1),
(11, 3, 5),
(12, 7, 2),
(13, 10, 3),
(14, 16, 1),
(15, 11, 4),
(16, 14, 2),
(17, 19, 1),
(18, 13, 2),
(19, 2, 3),
(20, 17, 1);
INSERT INTO PAYMENTS (ODRER_ID, PAYMENT_MODE, AMOUNT, PAYMENT_DATE, PAYMENT_STATUS)
VALUES
(1, 'UPI', 1598.00, '2024-10-05', 'Success'),
(2, 'Credit Card', 1299.00, '2024-10-06', 'Success'),
(3, 'Debit Card', 2697.00, '2024-10-07', 'Success'),
(4, 'Net Banking', 398.00, '2024-10-08', 'Success'),
(5, 'Cash on Delivery', 3499.00, '2024-10-09', 'Pending'),
(6, 'UPI', 1996.00, '2024-10-10', 'Success'),
(7, 'Credit Card', 1598.00, '2024-10-11', 'Success'),
(8, 'Wallet', 1499.00, '2024-10-12', 'Success'),
(9, 'Debit Card', 13998.00, '2024-10-13', 'Success'),
(10, 'UPI', 14999.00, '2024-10-14', 'Pending'),
(11, 'Net Banking', 4995.00, '2024-10-15', 'Success'),
(12, 'Cash on Delivery', 9998.00, '2024-10-16', 'Pending'),
(13, 'Credit Card', 897.00, '2024-10-17', 'Success'),
(14, 'UPI', 1299.00, '2024-10-18', 'Success'),
(15, 'Wallet', 596.00, '2024-10-19', 'Failed'),
(16, 'Debit Card', 6998.00, '2024-10-20', 'Success'),
(17, 'Credit Card', 1999.00, '2024-10-21', 'Success'),
(18, 'UPI', 3598.00, '2024-10-22', 'Success'),
(19, 'Net Banking', 7497.00, '2024-10-23', 'Success'),
(20, 'Cash on Delivery', 5999.00, '2024-10-24', 'Pending');
